<?xml version="1.0" encoding="UTF-8" standalone="yes"?>
<addon id="repository.seranov" name="Seranov's Kodi Repository" version="1.0.0" provider-name="seranov">
    <extension point="xbmc.addon.repository" name="Seranov's Kodi Repository">
        <dir>
            <info compressed="false">https://raw.githubusercontent.com/seranov/kodi-play-random/main/repo/addons.xml</info>
            <checksum>https://raw.githubusercontent.com/seranov/kodi-play-random/main/repo/addons.xml.md5</checksum>
            <datadir zip="true">https://raw.githubusercontent.com/seranov/kodi-play-random/main/repo/</datadir>
        </dir>
    </extension>
    <extension point="xbmc.addon.metadata">
        <summary>Seranov's Kodi Add-ons Repository</summary>
        <description>Repository for Seranov's Kodi add-ons including service plugins</description>
        <disclaimer></disclaimer>
        <platform>all</platform>
        <assets>
            <icon>icon.png</icon>
            <fanart>fanart.jpg</fanart>
        </assets>
    </extension>
</addon>
