<?xml version="1.0" encoding="UTF-8" standalone="yes"?>
<addon id="repository.seranov" name="Seranov's Kodi Repository" version="1.0.1" provider-name="seranov">
    <extension point="xbmc.addon.repository" name="Seranov's Kodi Repository">
        <dir>
            <info compressed="false">https://raw.githubusercontent.com/seranov/seranov-kodi/main/repo/addons.xml</info>
            <checksum>https://raw.githubusercontent.com/seranov/seranov-kodi/main/repo/addons.xml.md5</checksum>
            <datadir zip="true">https://raw.githubusercontent.com/seranov/seranov-kodi/main/repo/</datadir>
        </dir>
    </extension>
    <extension point="xbmc.addon.metadata">
        <summary lang="en_GB">Seranov's Kodi Add-ons Repository</summary>
        <summary lang="ru_RU">Репозиторий дополнений Kodi от Seranov</summary>
        <description lang="en_GB">Repository for Seranov's Kodi add-ons including service plugins</description>
        <description lang="ru_RU">Репозиторий дополнений Kodi от Seranov, включая служебные плагины</description>
        <disclaimer lang="en_GB"></disclaimer>
        <language></language>
        <platform>all</platform>
        <license>MIT</license>
        <forum></forum>
        <website>https://github.com/seranov/seranov-kodi</website>
        <email>seranov@yandex.ru</email>
        <assets>
            <icon>icon.png</icon>
            <fanart>fanart.jpg</fanart>
        </assets>
    </extension>
</addon>
