<?xml version="1.0" encoding="UTF-8" standalone="yes"?>
<addon id="service.seranov.template2" name="Service Template 2" version="1.0.0" provider-name="seranov">
    <requires>
        <import addon="xbmc.python" version="3.0.0"/>
    </requires>
    <extension point="xbmc.service" library="service.py"/>
    <extension point="xbmc.addon.metadata">
        <summary lang="en_GB">Service Template 2</summary>
        <description lang="en_GB">A template for Kodi service addon with event monitoring capabilities</description>
        <disclaimer lang="en_GB"></disclaimer>
        <language></language>
        <platform>all</platform>
        <license>MIT</license>
        <forum></forum>
        <website>https://github.com/seranov/kodi-play-random</website>
        <email>seranov@yandex.ru</email>
        <assets>
            <icon>icon.png</icon>
            <fanart>fanart.jpg</fanart>
        </assets>
    </extension>
</addon>
